student,Kokugo,Suugaku,Eigo,Butsuri,Pro2,Kairo,Average
X001,64,49,73,48,76,63,62.166666666666664
X002,52,62,87,75,36,77,64.83333333333333
X003,53,48,36,97,67,70,61.833333333333336
X004,82,59,92,92,38,44,67.83333333333333
X005,85,94,62,82,44,62,71.5
X006,91,68,92,99,46,57,75.5
X007,35,60,73,96,53,94,68.5
X008,96,66,35,54,44,55,58.333333333333336
X009,56,68,85,49,45,58,60.166666666666664
X010,45,69,36,91,60,100,66.83333333333333
